{"cameraMode":{"drawMode":0,"name":"Shaded","section":"Shading Mode"},"sceneLighting":false,"audioPlay":false,"sceneViewState":{"showFog":true,"showMaterialUpdate":false,"showSkybox":true,"showFlares":true,"showImageEffects":true,"showParticleSystems":true},"in2DMode":false,"pivot":{"x":64.47025299072266,"y":29.01660919189453,"z":-53.71893310546875},"rotation":{"x":0.10935986042022705,"y":-0.8810320496559143,"z":0.38713330030441286,"w":0.2489759922027588},"size":5.217784404754639,"orthographic":false}