{"cameraMode":{"drawMode":0,"name":"Shaded","section":"Shading Mode"},"sceneLighting":false,"audioPlay":false,"sceneViewState":{"showFog":true,"showMaterialUpdate":false,"showSkybox":true,"showFlares":true,"showImageEffects":true,"showParticleSystems":true},"in2DMode":false,"pivot":{"x":-0.6987400054931641,"y":11.429312705993653,"z":-4.748300552368164},"rotation":{"x":0.2951720952987671,"y":0.22922012209892274,"z":-0.07317247986793518,"w":0.9246528744697571},"size":114.71786499023438,"orthographic":false}